LAT,LON,YEAR,DOY,PRECTOT,WS2M,RH2M,T2MDEW,T2M_MAX,T2M_MIN,ALLSKY_SFC_SW_DWN,T2M,altitude
30.98331,75.76671,2018,1,0,0.87,29.63,-4.66,19.59,6.94,11.45,12.63,246.71
30.98331,75.76671,2018,2,0,0.97,32.45,-3.66,20.56,6.57,8.71,12.55,246.71
30.98331,75.76671,2018,3,0,1.11,34.68,-3.47,20.03,6.51,6.61,11.75,246.71
30.98331,75.76671,2018,4,0,0.91,32.33,-3.75,21.03,6.66,10.38,12.5,246.71
30.98331,75.76671,2018,5,0,1.29,35.94,-2.96,20.93,5.14,8.25,11.78,246.71
30.98331,75.76671,2018,6,0,1.62,43.28,-1.06,20.65,5.41,11.76,11.03,246.71
30.98331,75.76671,2018,7,0,1.69,41.46,-1.83,20.92,4.03,12.87,10.85,246.71
30.98331,75.76671,2018,8,0,1.31,37.51,-2.52,20.95,4.04,12.95,11.62,246.71
30.98331,75.76671,2018,9,0,1.6,34.82,-3.13,22.62,5.62,13.12,12.07,246.71
30.98331,75.76671,2018,10,0,1.92,33.15,-4.15,23.49,3.93,12.96,11.67,246.71
30.98331,75.76671,2018,11,0,1.48,34.19,-2.7,21.91,5.14,12.81,12.84,246.71
30.98331,75.76671,2018,12,0,1.17,32.45,-1.95,21.88,8.46,12.55,14.5,246.71
30.98331,75.76671,2018,13,0,1.09,31.71,-2.34,22.6,8.83,13.37,14.41,246.71
30.98331,75.76671,2018,14,0,1.22,31.31,-3.05,23.31,8.59,13.4,13.79,246.71
30.98331,75.76671,2018,15,0,1.73,32.49,-3.76,23.15,5.31,13.83,12.42,246.71
30.98331,75.76671,2018,16,0,1.54,24.97,-6.32,25.27,3.63,14,13.43,246.71
30.98331,75.76671,2018,17,0,2.21,28.33,-4.43,23.75,5.94,12.89,13.73,246.71
30.98331,75.76671,2018,18,0,1.25,29.79,-2.1,25.7,10.13,13.33,15.65,246.71
30.98331,75.76671,2018,19,0,1.42,31.4,-3.1,23.74,8.21,13.88,13.68,246.71
30.98331,75.76671,2018,20,0,1.72,29.53,-4.78,24.8,4.74,14.37,12.69,246.71
30.98331,75.76671,2018,21,0,1.15,22.81,-7.37,23.47,5.48,14.51,13.56,246.71
30.98331,75.76671,2018,22,0,1,23.82,-6.44,22.77,6.58,14.46,14.01,246.71
30.98331,75.76671,2018,23,15.63,1.71,67.7,3.17,11.92,6.27,3.36,8.76,246.71
30.98331,75.76671,2018,24,0.3,1.12,75.79,6.3,18.32,6.12,13.52,10.35,246.71
30.98331,75.76671,2018,25,0,1.71,49.38,1,19.7,4.01,12.65,11.24,246.71
30.98331,75.76671,2018,26,0,0.9,39.11,-0.69,21.03,7.58,5.93,13.01,246.71
30.98331,75.76671,2018,27,0,1.09,37.88,-1.94,20.89,6.87,10.71,12.12,246.71
30.98331,75.76671,2018,28,0,1.32,35.08,-2.23,22.48,7.26,8.9,12.98,246.71
30.98331,75.76671,2018,29,0,1.62,33.5,-1.74,24.07,8.05,14.17,14.24,246.71
30.98331,75.76671,2018,30,0,2.14,34.98,0.2,26.58,8.92,14.47,15.76,246.71
30.98331,75.76671,2018,31,0,2.11,39.22,1.76,24.24,9.34,13.03,15.7,246.71
30.98331,75.76671,2018,32,0,1.63,37.92,3.31,27.16,12.14,14.33,17.97,246.71
30.98331,75.76671,2018,33,0,1.78,36.54,0.44,24.99,9.01,15.14,15.35,246.71
30.98331,75.76671,2018,34,0,1.48,30.48,-3.04,24.42,8.02,15.83,14.21,246.71
30.98331,75.76671,2018,35,0,1.81,28.09,-4.84,24.51,5.52,15.78,13.38,246.71
30.98331,75.76671,2018,36,0,1.34,23.82,-6.09,24.7,7.29,13.19,14.41,246.71
30.98331,75.76671,2018,37,0,2.13,23.39,-7.49,24.69,4.72,16.11,13.03,246.71
30.98331,75.76671,2018,38,0,1.54,24.43,-6.99,23.94,5.73,15.3,12.98,246.71
30.98331,75.76671,2018,39,0,1.36,23.87,-6.86,23.8,7.38,-99,13.48,246.71
30.98331,75.76671,2018,40,0,1.44,23.53,-6.53,24,6.34,16.6,14.08,246.71
30.98331,75.76671,2018,41,0,0.97,20.98,-6.12,25.52,9.7,16.38,16.32,246.71
30.98331,75.76671,2018,42,0.91,1.57,38.07,0.34,21.64,9.42,8.49,14.59,246.71
30.98331,75.76671,2018,43,15.78,4.7,78.67,9.51,16.26,10.04,11.2,13.1,246.71
30.98331,75.76671,2018,44,0.79,1.71,63.91,7,22.19,7.76,16.2,13.63,246.71
30.98331,75.76671,2018,45,0,2.26,51.69,4.37,23.48,6.52,16.51,14.16,246.71
30.98331,75.76671,2018,46,0,2.13,49.13,5.11,25.16,8.46,13.32,15.77,246.71
30.98331,75.76671,2018,47,0,1.75,49.78,6.35,26.05,9.22,16.38,16.9,246.71
30.98331,75.76671,2018,48,0,2.15,36.7,3.12,28.74,11.61,16.48,18.28,246.71
30.98331,75.76671,2018,49,0,1.57,27.19,-1.94,27.53,8.73,17.72,17.24,246.71
30.98331,75.76671,2018,50,0,1.23,29.21,0.7,28.34,13.16,17.04,19.18,246.71
30.98331,75.76671,2018,51,0,1.44,34.59,4.08,29.58,13.52,17.22,20.32,246.71
30.98331,75.76671,2018,52,0.12,1.69,37.31,5.88,30.3,14.53,17.25,21.11,246.71
30.98331,75.76671,2018,53,0,1.43,37.08,5.17,29.33,14.27,16.11,20.42,246.71
30.98331,75.76671,2018,54,0.09,1.02,30.6,3.78,30.74,14.28,15.89,21.97,246.71
30.98331,75.76671,2018,55,3.01,2.19,39.85,6.88,29.25,15.54,13.22,21.13,246.71
30.98331,75.76671,2018,56,0.79,1.67,47,8.13,28.69,13.82,18.3,19.77,246.71
30.98331,75.76671,2018,57,0,2.24,42.76,6.49,28.98,11.75,18.23,19.54,246.71
30.98331,75.76671,2018,58,0,1.55,42.08,8.18,31.03,14.89,18.41,21.68,246.71
30.98331,75.76671,2018,59,0,1.09,40.41,7.21,29.08,16.18,16.94,21.27,246.71
30.98331,75.76671,2018,60,0.06,1.34,38.79,7.06,28.48,16.56,16.67,21.78,246.71
30.98331,75.76671,2018,61,0.13,1.64,38.68,7.91,31.16,16.91,17.63,22.78,246.71
30.98331,75.76671,2018,62,1.29,1.69,56.03,10.79,24.14,15.88,7.12,19.74,246.71
30.98331,75.76671,2018,63,0.14,1.35,51.32,9.34,25.98,15.08,15.55,19.63,246.71
30.98331,75.76671,2018,64,0,1.67,38,5.19,29.06,12.54,19.19,20.04,246.71
30.98331,75.76671,2018,65,0,2.03,36.05,4.14,29.28,11.86,19.56,19.72,246.71
30.98331,75.76671,2018,66,0,2.07,30.28,2.62,31.07,11.35,19.89,20.81,246.71
30.98331,75.76671,2018,67,0,1.09,28.8,3.79,31.68,15.57,19.46,22.97,246.71
30.98331,75.76671,2018,68,0,1.81,30.8,4.39,31.79,14.88,19.02,22.57,246.71
30.98331,75.76671,2018,69,0,2.16,33.28,5.15,31.58,14.3,18.87,22.17,246.71
30.98331,75.76671,2018,70,0,1.81,36.29,6.83,32.08,14.16,19.71,22.63,246.71
30.98331,75.76671,2018,71,0,1.72,31.35,6.23,34.08,16.28,19.82,24.39,246.71
30.98331,75.76671,2018,72,0,1.09,22.97,3.81,35.28,18.46,20.47,26.72,246.71
30.98331,75.76671,2018,73,0,2.22,20.21,0.68,34.98,16.08,20.59,25.1,246.71
30.98331,75.76671,2018,74,0.17,1.34,25.47,2.82,33.15,16.39,20.54,23.85,246.71
30.98331,75.76671,2018,75,0.24,1.42,28.01,3.66,31.43,17.47,21.14,23.28,246.71
30.98331,75.76671,2018,76,0,2.23,23.03,-0.34,31.14,13.36,21.74,21.74,246.71
30.98331,75.76671,2018,77,0,1.9,21.04,-0.7,33.03,14.45,21.75,22.78,246.71
30.98331,75.76671,2018,78,0,1.69,21.39,1.05,34.86,16.49,21.22,24.6,246.71
30.98331,75.76671,2018,79,0.52,1.41,27.21,5.2,35.89,16.85,18.09,25.54,246.71
30.98331,75.76671,2018,80,2.86,1.2,41.14,9.5,30.66,17.97,9.79,23.51,246.71
30.98331,75.76671,2018,81,0.96,1.14,43.43,9.5,30.3,16.46,20.67,22.59,246.71
30.98331,75.76671,2018,82,0,1.45,35.42,6.93,31.41,15.04,21.7,23.16,246.71
30.98331,75.76671,2018,83,0,2.11,31.31,6.08,33.42,15.56,22.01,24.24,246.71
30.98331,75.76671,2018,84,0,2.39,24.32,3.24,34.88,16.1,22.23,25.1,246.71
30.98331,75.76671,2018,85,0,2.01,19.53,0.58,35.86,15.75,22.85,25.56,246.71
30.98331,75.76671,2018,86,0,1.06,15.04,-0.97,37.72,19.44,23.04,28.1,246.71
30.98331,75.76671,2018,87,0,1.68,13.51,-2.34,37.78,20.75,23.01,28.26,246.71
30.98331,75.76671,2018,88,0,3.17,16.16,-0.59,37.97,16.38,23,27.34,246.71
30.98331,75.76671,2018,89,0,1.55,11.73,-5.07,38.38,16.69,23.81,27.24,246.71
30.98331,75.76671,2018,90,0,1.71,9.57,-7.39,38.76,16.3,23.65,27.79,246.71
30.98331,75.76671,2018,91,0,1.63,14.59,-2.46,35.85,16.05,22.66,26.76,246.71
30.98331,75.76671,2018,92,0,1.25,19.72,2.24,36.35,17.75,22.05,27.41,246.71
30.98331,75.76671,2018,93,0.07,1.34,21.91,4.11,35.57,21.24,19.92,27.87,246.71
30.98331,75.76671,2018,94,0.03,1.42,22.85,6.47,38.8,22.86,21.93,29.99,246.71
30.98331,75.76671,2018,95,0.01,1.68,26.31,8.8,38.52,22.64,12.54,30.33,246.71
30.98331,75.76671,2018,96,0.07,1.43,24.42,8.19,39.04,24.21,18.3,30.89,246.71
30.98331,75.76671,2018,97,0.23,1.08,27.59,8.98,37.27,21.49,22.37,29.72,246.71
30.98331,75.76671,2018,98,3.36,2.53,34.21,11.57,36.56,21.8,22.41,29,246.71
30.98331,75.76671,2018,99,2.49,1.15,38.85,12.91,35.73,21.1,22.29,28.3,246.71
30.98331,75.76671,2018,100,6.76,1.91,51.23,15,31.96,21.69,14.82,25.76,246.71
30.98331,75.76671,2018,101,1.81,0.68,47.78,15.1,33.43,21.39,12.99,27.08,246.71
30.98331,75.76671,2018,102,0.03,1.46,38.98,10.89,34.02,18.4,23.69,25.98,246.71
30.98331,75.76671,2018,103,0,2.11,25.3,4.94,35.39,17.14,23.6,26.45,246.71
30.98331,75.76671,2018,104,0,2.22,24.52,6.3,37.42,20.18,23.25,28.58,246.71
30.98331,75.76671,2018,105,0,1.84,25.66,8.27,38.47,21.05,23.25,30.13,246.71
30.98331,75.76671,2018,106,0.68,1.22,27.47,9.74,38.99,24.43,23.45,30.68,246.71
30.98331,75.76671,2018,107,0.18,2.66,28.11,9.84,38.63,22.69,23.54,30.39,246.71
30.98331,75.76671,2018,108,0.01,3.04,28.08,9.64,38.64,21.44,24.06,30.19,246.71
30.98331,75.76671,2018,109,0.24,2.67,21.09,5.61,38.88,23.69,19.91,30.34,246.71
30.98331,75.76671,2018,110,1.08,4.33,23.83,5.92,38.6,19.58,21.48,28.61,246.71
30.98331,75.76671,2018,111,0,2.86,27.58,5.66,34.48,17.3,24.52,25.86,246.71
30.98331,75.76671,2018,112,0,2.36,23.57,3.46,35.18,16.14,25.75,25.88,246.71
30.98331,75.76671,2018,113,0,3.12,18.89,2.56,38.79,18.13,25.32,28.52,246.71
30.98331,75.76671,2018,114,0,2.32,14.67,0.69,41.56,20.17,25.4,30.62,246.71
30.98331,75.76671,2018,115,0,1.62,14.05,1.74,42.59,22.38,25.06,32.72,246.71
30.98331,75.76671,2018,116,0,1.8,16.76,5.11,42.98,25.35,24.85,33.76,246.71
30.98331,75.76671,2018,117,0.02,1.31,16.62,5.05,41.87,25.84,24.02,33.83,246.71
30.98331,75.76671,2018,118,0.18,1.62,17.6,6.34,42.09,25.95,24.56,34.4,246.71
30.98331,75.76671,2018,119,0.34,2.15,16.22,5.04,42.91,25.29,24.43,34.27,246.71
30.98331,75.76671,2018,120,0,1.39,13.28,2.7,43.64,25.3,25.46,34.99,246.71
30.98331,75.76671,2018,121,0,2.16,14.1,3.73,43.6,26.36,23.41,35.2,246.71
30.98331,75.76671,2018,122,1.57,2.18,18.57,6.7,41.99,25.66,11.5,33.89,246.71
30.98331,75.76671,2018,123,0.73,2.78,23.06,9.35,40.14,26.02,23.22,33.27,246.71
30.98331,75.76671,2018,124,0,1.95,29.5,12.93,39.36,26.32,23.29,33.15,246.71
30.98331,75.76671,2018,125,0.03,1.53,21.81,9.27,41.53,27.2,23.01,34.15,246.71
30.98331,75.76671,2018,126,0.31,2.94,23.75,9.28,40.25,26.6,19.61,32.67,246.71
30.98331,75.76671,2018,127,1.57,1.91,26.55,10.23,38.72,26.32,23.47,31.84,246.71
30.98331,75.76671,2018,128,3.67,2.39,37.49,13,36.18,22.36,23.13,29.01,246.71
30.98331,75.76671,2018,129,0.04,1.93,29.03,10.41,37.7,23.21,23.92,30.51,246.71
30.98331,75.76671,2018,130,0,1.71,23.27,8.75,40.47,24.46,24.61,32.39,246.71
30.98331,75.76671,2018,131,0,2.03,20.56,8.84,44,24.4,24.48,34.67,246.71
30.98331,75.76671,2018,132,0.21,1.65,19.58,9.84,44.85,29.87,16.45,36.77,246.71
30.98331,75.76671,2018,133,2.11,2.96,23.52,11.41,43.15,28.56,24.03,35.38,246.71
30.98331,75.76671,2018,134,2.15,1.96,28.99,11.35,38.14,24.86,20.15,31.62,246.71
30.98331,75.76671,2018,135,0,1.78,25.89,10.75,39.96,25.2,22.87,32.89,246.71
30.98331,75.76671,2018,136,0.47,3.26,25.11,11.16,40.91,27.19,24.16,33.91,246.71
30.98331,75.76671,2018,137,0,2.54,19.42,7.66,42.23,25.15,15.35,34.26,246.71
30.98331,75.76671,2018,138,0,1.98,22.46,9.04,40.67,27.87,20.38,33.36,246.71
30.98331,75.76671,2018,139,0,2.36,19.28,7.9,42.06,26,24.88,34.69,246.71
30.98331,75.76671,2018,140,0.03,2.3,14.39,3.58,42.41,26.34,25.46,34.62,246.71
30.98331,75.76671,2018,141,0,2.99,12.98,2.31,42.79,26.21,24.43,34.91,246.71
30.98331,75.76671,2018,142,0,3.17,13.08,3.33,44.14,27.26,24.83,36.07,246.71
30.98331,75.76671,2018,143,0,3.49,10.32,-0.17,44.12,27.9,25.52,35.95,246.71
30.98331,75.76671,2018,144,0,3.04,9.07,-2.42,43.98,25.88,26.15,35.35,246.71
30.98331,75.76671,2018,145,0,3.24,9.2,-1.53,45.22,26.15,25.97,36.29,246.71
30.98331,75.76671,2018,146,0,1.91,8.69,-2.01,45.7,27,25.88,36.71,246.71
30.98331,75.76671,2018,147,0,1.71,8.97,-1.28,45.45,28.9,25.75,37.11,246.71
30.98331,75.76671,2018,148,0,2.71,11.61,2.65,45.84,28.34,25.82,37.44,246.71
30.98331,75.76671,2018,149,0,1.09,9.6,0.59,46.36,30.31,25.51,38.33,246.71
30.98331,75.76671,2018,150,0,3.32,14.44,5.6,44.46,29.01,24.95,37.11,246.71
30.98331,75.76671,2018,151,0,1.98,16.21,7.94,44.98,29.85,25.31,37.89,246.71
30.98331,75.76671,2018,152,0.32,2.11,16.41,8.08,45.58,29.22,24.48,37.85,246.71
30.98331,75.76671,2018,153,3.45,2.79,29.48,14.6,41.91,28.07,24.33,35.09,246.71
30.98331,75.76671,2018,154,0,1.89,25.91,13.32,43.08,27.4,24.3,35.9,246.71
30.98331,75.76671,2018,155,0,3.57,29.69,16.05,43.38,28.83,23.76,36.65,246.71
30.98331,75.76671,2018,156,5.33,3.5,35.86,19.65,42.93,31.94,23.52,37.31,246.71
30.98331,75.76671,2018,157,10.98,1.72,48.02,22.35,39.85,30.5,22.43,34.88,246.71
30.98331,75.76671,2018,158,0.02,0.91,39.2,20.49,42.39,30.34,23.82,36.59,246.71
30.98331,75.76671,2018,159,5.72,2.18,38.13,20.14,42.59,30.65,23.82,36.72,246.71
30.98331,75.76671,2018,160,17.22,2.39,53.91,22.98,38.59,28.28,13.61,33.45,246.71
30.98331,75.76671,2018,161,1.26,1.52,44.93,21.26,40.82,28.9,23.35,34.92,246.71
30.98331,75.76671,2018,162,0.35,2.97,37.79,19.32,42.54,29.75,23.82,35.96,246.71
30.98331,75.76671,2018,163,0,2.81,26.79,14.96,45.16,28.85,24.47,37.23,246.71
30.98331,75.76671,2018,164,0.04,3.41,26.31,14.93,44.78,28.92,22.07,37.52,246.71
30.98331,75.76671,2018,165,0.37,4.67,29.78,16.53,43.75,31,20.04,37.14,246.71
30.98331,75.76671,2018,166,1.59,3.3,34.85,18.37,41.85,31.57,19.05,36.38,246.71
30.98331,75.76671,2018,167,13.11,2.1,49.14,22.33,38.54,30.51,16.91,34.44,246.71
30.98331,75.76671,2018,168,18.11,1.06,57.39,22.37,35.18,28.12,12.88,31.67,246.71
30.98331,75.76671,2018,169,1.3,2.48,44.59,18.97,37.74,27.36,13.77,32.55,246.71
30.98331,75.76671,2018,170,0.01,2.45,42.43,18.9,39.94,26.53,24.13,33.37,246.71
30.98331,75.76671,2018,171,0.07,1.7,38.31,18.95,41.85,28.61,24.09,35.3,246.71
30.98331,75.76671,2018,172,0.02,2.02,36.02,18.59,42.43,29.67,23.86,36.03,246.71
30.98331,75.76671,2018,173,0,1.48,31.81,16.89,43.63,28.33,24.05,36.36,246.71
30.98331,75.76671,2018,174,0.07,2.6,31.66,17.06,43.38,29.72,20.08,36.64,246.71
30.98331,75.76671,2018,175,0,2.72,28.12,15.16,43.52,29.13,24.36,36.6,246.71
30.98331,75.76671,2018,176,1.09,3.01,30.01,16.47,44.16,29.74,23.43,36.94,246.71
30.98331,75.76671,2018,177,3.45,1.86,36.92,18.99,42.04,29.36,23.37,36.02,246.71
30.98331,75.76671,2018,178,15.01,1.85,52.86,21.6,35.89,28.81,2.65,32.32,246.71
30.98331,75.76671,2018,179,41.34,2.14,73.92,24.19,31.83,26.96,8.01,29.2,246.71
30.98331,75.76671,2018,180,19.18,2.24,65.58,23.95,36.13,26.35,11.01,31,246.71
30.98331,75.76671,2018,181,1.21,1.61,57.26,23.28,37.43,27.53,18.82,32.68,246.71
30.98331,75.76671,2018,182,1.21,1.99,56.41,23.85,38.45,28.45,23.34,33.55,246.71
30.98331,75.76671,2018,183,25.22,2.61,62.03,25.34,38.22,28.42,20.7,33.43,246.71
30.98331,75.76671,2018,184,23.67,1.36,66.99,24.8,35.34,27.32,15.27,31.51,246.71
30.98331,75.76671,2018,185,7.35,1.6,68.63,24.39,34.42,27.36,15.08,30.66,246.71
30.98331,75.76671,2018,186,0.27,1.65,62.1,23.06,35.61,26.35,14.05,31,246.71
30.98331,75.76671,2018,187,0,1.83,58.3,22.52,37.26,26.47,24.57,31.55,246.71
30.98331,75.76671,2018,188,0,1.99,49.48,20.53,39.1,26.15,24.86,32.35,246.71
30.98331,75.76671,2018,189,0.03,1.47,47.03,21.07,40.13,27.83,24.63,33.88,246.71
30.98331,75.76671,2018,190,1.1,1.12,46.73,21.69,40.39,27.94,24.31,34.67,246.71
30.98331,75.76671,2018,191,2.88,1.53,53.7,23.48,39.49,27.97,24.17,34.05,246.71
30.98331,75.76671,2018,192,11.84,1.6,59.09,24,37.7,27.8,20.72,32.89,246.71
30.98331,75.76671,2018,193,10.56,1.39,58.24,24.36,38.22,28.2,21.82,33.53,246.71
30.98331,75.76671,2018,194,23.06,1.66,71.62,25.55,34.92,27.32,20.83,31.14,246.71
30.98331,75.76671,2018,195,4.49,1.51,69.15,24.67,35.81,26.41,23.47,30.83,246.71
30.98331,75.76671,2018,196,5.75,2.54,73.38,25.74,35.77,26.78,22.85,30.93,246.71
30.98331,75.76671,2018,197,47.08,2.32,82.6,26.5,32.34,26.87,13.31,29.72,246.71
30.98331,75.76671,2018,198,21.72,2.13,81.57,25.79,32.26,26.46,19.1,29.21,246.71
30.98331,75.76671,2018,199,5.06,1.11,76.27,25.65,33.68,26.36,8.24,30.18,246.71
30.98331,75.76671,2018,200,3.87,0.93,74.82,25.66,33.98,26.43,23.13,30.52,246.71
30.98331,75.76671,2018,201,3.56,0.73,73.45,25.74,33.85,27.7,15.82,30.92,246.71
30.98331,75.76671,2018,202,10.8,1.11,76.26,26.1,34.47,27,19.65,30.65,246.71
30.98331,75.76671,2018,203,3.07,1.95,81.02,26.02,32.98,26.48,13.89,29.56,246.71
30.98331,75.76671,2018,204,6.68,1.09,79.7,25.83,32.76,26.27,20.73,29.64,246.71
30.98331,75.76671,2018,205,2.22,1.33,75,25.73,34.08,26.61,21.31,30.56,246.71
30.98331,75.76671,2018,206,16.55,1.56,75.22,26.49,34.86,27.73,14.64,31.29,246.71
30.98331,75.76671,2018,207,23.75,1.67,79.22,25.53,33.11,26.25,15.26,29.43,246.71
30.98331,75.76671,2018,208,9.22,0.96,80.51,25.45,33.39,25.58,21.42,29.07,246.71
30.98331,75.76671,2018,209,7.47,1.5,78.28,25.34,33.16,25.63,15.56,29.43,246.71
30.98331,75.76671,2018,210,1.32,1.53,73.41,25.08,34.41,25.6,21.47,30.24,246.71
30.98331,75.76671,2018,211,2.21,1.74,72.52,25.1,34.75,26.17,23.17,30.47,246.71
30.98331,75.76671,2018,212,3.43,2.02,68.21,24.3,35.73,26.18,23.46,30.68,246.71
30.98331,75.76671,2018,213,1.16,1.74,67.08,23.66,35.84,24.72,24.61,30.3,246.71
30.98331,75.76671,2018,214,0.15,2.26,64.02,23.22,36.29,25.59,24.55,30.64,246.71
30.98331,75.76671,2018,215,0.45,2.17,62.81,22.74,36.56,24.63,23.72,30.47,246.71
30.98331,75.76671,2018,216,3.35,1.28,65.7,23.75,35.93,25.65,23.84,30.75,246.71
30.98331,75.76671,2018,217,4.89,2.01,66.91,23.94,36.1,26.12,22.47,30.63,246.71
30.98331,75.76671,2018,218,7.3,2.13,81.37,24.15,30.29,25.62,12.7,27.58,246.71
30.98331,75.76671,2018,219,17.51,1.82,82.88,23.9,30.61,24.15,5.47,27.01,246.71
30.98331,75.76671,2018,220,5.97,1.47,78.12,24.83,32.68,25.35,16.22,28.95,246.71
30.98331,75.76671,2018,221,4.81,1.06,71.82,24.81,34.45,26.03,16.69,30.33,246.71
30.98331,75.76671,2018,222,0.61,1.21,67.03,24.41,35.43,26.1,20.59,31.1,246.71
30.98331,75.76671,2018,223,1.5,1.94,66.54,24.84,36.28,26.66,20.92,31.68,246.71
30.98331,75.76671,2018,224,18.76,1.93,69.79,24.57,35.03,26.43,19.11,30.57,246.71
30.98331,75.76671,2018,225,13.56,1.45,75.85,24.13,32.22,25.44,15.96,28.72,246.71
30.98331,75.76671,2018,226,2.03,1.4,75.2,24.56,33.65,25.15,22.05,29.3,246.71
30.98331,75.76671,2018,227,0.3,0.75,67.2,24.53,35.09,27.02,16.92,31.18,246.71
30.98331,75.76671,2018,228,0,1.07,70.03,24.58,35.01,25.89,20.37,30.52,246.71
30.98331,75.76671,2018,229,10.1,1.25,70.72,24.8,35.03,26.31,16.18,30.58,246.71
30.98331,75.76671,2018,230,8.31,1.02,75.06,25.17,33.35,26.14,10.66,29.96,246.71
30.98331,75.76671,2018,231,0.84,1.28,68.56,24.8,35.39,26.43,20.47,31.12,246.71
30.98331,75.76671,2018,232,1.84,0.9,66.38,24.67,36.4,26.56,20.8,31.53,246.71
30.98331,75.76671,2018,233,5.05,1.94,75.68,25.29,34.12,25.93,20.49,29.95,246.71
30.98331,75.76671,2018,234,4.98,1.63,71.98,25.37,35.15,26.47,14.64,30.87,246.71
30.98331,75.76671,2018,235,10.58,1.58,70.46,24.94,35.48,26.31,18.16,30.8,246.71
30.98331,75.76671,2018,236,4.07,1.65,64.16,23.62,36.51,25.38,21.47,31.02,246.71
30.98331,75.76671,2018,237,0.42,1.74,60.16,22.86,36.9,25.85,22.04,31.35,246.71
30.98331,75.76671,2018,238,0.29,1.26,61.41,22.83,36.05,25.72,21.57,30.96,246.71
30.98331,75.76671,2018,239,1.48,1.29,62.85,23.44,36.44,26.16,20.69,31.2,246.71
30.98331,75.76671,2018,240,0.33,0.87,66.51,23.62,34.25,26.42,15.73,30.4,246.71
30.98331,75.76671,2018,241,7.03,1.37,68.77,23.8,34.92,25.62,19.55,30.02,246.71
30.98331,75.76671,2018,242,6.33,1.35,66.32,23.46,36.41,24.73,21.36,30.29,246.71
30.98331,75.76671,2018,243,0.56,1.22,57.75,22.47,37.88,26.06,17.02,31.67,246.71
30.98331,75.76671,2018,244,4.84,0.8,60.79,22.74,35.82,26.57,20.53,31.04,246.71
30.98331,75.76671,2018,245,5.65,1.15,63.73,21.99,33.78,25.56,9.84,29.43,246.71
30.98331,75.76671,2018,246,8.57,1.4,74.53,22.91,31.26,24.19,14.33,27.74,246.71
30.98331,75.76671,2018,247,1.41,1.2,65.37,22.32,34.94,24.36,18.09,29.34,246.71
30.98331,75.76671,2018,248,2.08,1.39,60.07,21.77,36.08,24.69,19.48,30.23,246.71
30.98331,75.76671,2018,249,3.42,0.9,58.27,21.59,36.17,25.29,16.64,30.57,246.71
30.98331,75.76671,2018,250,8.98,1.26,73.99,24.23,33.63,25.68,14.45,29.23,246.71
30.98331,75.76671,2018,251,4.89,0.89,71.86,23.75,33.14,25.22,15.84,29.23,246.71
30.98331,75.76671,2018,252,4.76,1.54,73.99,23.61,33.05,24.83,18.37,28.59,246.71
30.98331,75.76671,2018,253,4.87,0.69,72.35,23.62,33.71,24.35,18.02,28.98,246.71
30.98331,75.76671,2018,254,1.48,1.13,64.36,22.86,35.84,24.98,20.1,30.17,246.71
30.98331,75.76671,2018,255,6.55,1.76,61.16,22.14,35.94,25.54,18.73,30.3,246.71
30.98331,75.76671,2018,256,5.89,1.58,56.13,19.94,35.73,23.57,20.53,29.47,246.71
30.98331,75.76671,2018,257,0.5,0.88,56.61,19.33,34.98,22.79,21.03,28.67,246.71
30.98331,75.76671,2018,258,0,0.76,57.18,19.53,34.72,23.44,19.99,28.7,246.71
30.98331,75.76671,2018,259,0,1.77,61.55,19.8,33.74,22.36,19.89,27.72,246.71
30.98331,75.76671,2018,260,0,1.66,55.2,18.35,34.76,23.23,20.88,28.06,246.71
30.98331,75.76671,2018,261,0,1.42,52.63,17.23,34.86,22.3,20.56,27.7,246.71
30.98331,75.76671,2018,262,0.56,1.37,51.45,17.1,35.59,21.81,21.04,27.95,246.71
30.98331,75.76671,2018,263,0,0.88,50.52,17.6,36.28,22.79,20.41,28.81,246.71
30.98331,75.76671,2018,264,2.6,1.97,64.9,21.64,34.88,23.72,19.83,28.75,246.71
30.98331,75.76671,2018,265,30.26,1.91,86.02,22.53,28.63,22.26,3.28,25.02,246.71
30.98331,75.76671,2018,266,50.3,2.56,92.09,22.49,26.02,22.26,4.33,23.87,246.71
30.98331,75.76671,2018,267,67.92,2.13,92.04,22.15,26.47,20.98,6.79,23.53,246.71
30.98331,75.76671,2018,268,15.15,1.23,82.52,21.84,29.28,21.1,18.82,24.98,246.71
30.98331,75.76671,2018,269,0,1.24,71.15,20.39,31.03,20.28,19.24,25.9,246.71
30.98331,75.76671,2018,270,0,1.07,65.93,18.97,31.94,19.98,19.51,25.68,246.71
30.98331,75.76671,2018,271,2.71,1.01,64.77,19.06,32.17,20.07,19.37,26.08,246.71
30.98331,75.76671,2018,272,0.83,0.96,63.24,18.98,31.58,22.01,19.17,26.4,246.71
30.98331,75.76671,2018,273,0,1.14,62.97,18.65,31.7,20.27,19.32,26.12,246.71
30.98331,75.76671,2018,274,0,0.79,59.11,18.34,32.96,21.7,19.25,26.87,246.71
30.98331,75.76671,2018,275,0,0.87,58.21,17.68,31.88,21.12,19.06,26.43,246.71
30.98331,75.76671,2018,276,0,0.83,58.76,17.78,32.81,20.8,18.99,26.37,246.71
30.98331,75.76671,2018,277,1.03,0.83,58.39,17.12,31.6,19.93,18.78,25.78,246.71
30.98331,75.76671,2018,278,0,1.11,59.61,17.03,31.74,20.48,18.82,25.34,246.71
30.98331,75.76671,2018,279,0,1.16,57.82,16.5,31.75,19.9,18.36,25.3,246.71
30.98331,75.76671,2018,280,0,0.82,57.24,16.09,31.42,20.01,18.53,25.03,246.71
30.98331,75.76671,2018,281,0,0.96,57.66,16.25,31.89,19.08,18.21,25.07,246.71
30.98331,75.76671,2018,282,0.01,1.05,61.71,17.22,30.71,18.75,17.07,24.95,246.71
30.98331,75.76671,2018,283,3.57,1.2,68.78,18.66,29.15,19.35,16.18,24.66,246.71
30.98331,75.76671,2018,284,1.86,0.99,69.84,18.62,29.13,20.12,17.09,24.37,246.71
30.98331,75.76671,2018,285,0,0.73,62.14,16.22,29.59,17.98,17.8,23.78,246.71
30.98331,75.76671,2018,286,0,0.87,51.77,13.45,29.48,18.41,17.67,23.91,246.71
30.98331,75.76671,2018,287,0,1.04,47.86,11.99,29.77,17.68,17.41,23.67,246.71
30.98331,75.76671,2018,288,0,0.84,47.33,11.93,30.47,18,17.33,23.79,246.71
30.98331,75.76671,2018,289,0,1.27,55.71,13.6,30.81,16.44,15.57,22.83,246.71
30.98331,75.76671,2018,290,0,1.24,50.97,13.27,31.34,17.07,16.71,23.98,246.71
30.98331,75.76671,2018,291,0,1.14,51.88,13.54,30.88,17.31,16.31,23.97,246.71
30.98331,75.76671,2018,292,0,0.93,50.64,12.81,30.44,18.12,16.61,23.6,246.71
30.98331,75.76671,2018,293,0,1.03,44.58,10.63,30.36,18.46,16.88,23.4,246.71
30.98331,75.76671,2018,294,0,1.08,44.34,10.26,30.17,17.54,16.82,23.08,246.71
30.98331,75.76671,2018,295,0,1.23,41.78,9.45,30.27,16.03,16.44,23.2,246.71
30.98331,75.76671,2018,296,0,1.02,39.92,8.31,29.57,16.81,16.01,22.69,246.71
30.98331,75.76671,2018,297,0,1.02,43.37,9.12,30.12,16.87,16.1,22.2,246.71
30.98331,75.76671,2018,298,0,1.21,45.55,9.62,29.79,15.65,15.68,21.92,246.71
30.98331,75.76671,2018,299,0,1.01,45.69,10.21,29.78,16.41,14.5,22.51,246.71
30.98331,75.76671,2018,300,0,1,46.15,10.69,29.72,17.45,15.03,22.87,246.71
30.98331,75.76671,2018,301,0,1.21,49,11.31,29.61,16.2,15.06,22.54,246.71
30.98331,75.76671,2018,302,0,1.09,49.8,11.91,30.02,16.9,14.87,22.91,246.71
30.98331,75.76671,2018,303,0,0.92,49.1,11.35,29.36,16.51,14.58,22.53,246.71
30.98331,75.76671,2018,304,0,0.94,51.39,11.75,29.86,15.69,14.36,22.2,246.71
30.98331,75.76671,2018,305,0.03,1.24,59.25,12.78,26.7,17.46,13.11,20.93,246.71
30.98331,75.76671,2018,306,0.15,2.1,62.3,14.31,29.14,16.22,13.1,21.73,246.71
30.98331,75.76671,2018,307,1.77,2.37,72.77,15.52,25.75,17.43,10.86,20.49,246.71
30.98331,75.76671,2018,308,0.06,1.14,57.48,10.5,25.64,14.66,13.27,19.01,246.71
30.98331,75.76671,2018,309,0,1.42,45.23,5.94,25.52,12.34,14.13,18.01,246.71
30.98331,75.76671,2018,310,0,2.04,47.47,5.99,26.2,11.02,14.65,17.27,246.71
30.98331,75.76671,2018,311,0,1.24,34.06,1.83,26.72,9.61,14.71,18.03,246.71
30.98331,75.76671,2018,312,0,1.02,36.48,3.69,26.79,11.15,13.13,19.01,246.71
30.98331,75.76671,2018,313,0,0.53,35.08,4,26.37,14.21,12.95,20,246.71
30.98331,75.76671,2018,314,0,0.98,37.4,4.25,26.32,13.01,11.99,19.24,246.71
30.98331,75.76671,2018,315,0,1.1,46.6,6.92,24.62,14.43,10.72,18.59,246.71
30.98331,75.76671,2018,316,0,0.81,44.51,8.26,28.11,15.78,12.13,20.82,246.71
30.98331,75.76671,2018,317,0.04,1.44,50.7,9.8,27.5,16.01,9.74,20.32,246.71
30.98331,75.76671,2018,318,3.45,1.32,58.6,10.96,26.19,14.06,10.25,19.19,246.71
30.98331,75.76671,2018,319,0.07,1.48,59.65,10.48,25.68,13.54,12.87,18.39,246.71
30.98331,75.76671,2018,320,0,2.15,49.57,6.89,26.35,10.5,12.96,17.55,246.71
30.98331,75.76671,2018,321,0,1.56,40.77,5.09,26.75,10.96,12.8,18.77,246.71
30.98331,75.76671,2018,322,0,0.79,39.45,5.47,27.21,12.71,12.38,19.74,246.71
30.98331,75.76671,2018,323,0,1.67,48.38,8.64,27.23,14.84,12.15,19.85,246.71
30.98331,75.76671,2018,324,0,1.66,50.84,8.78,27.15,14.03,12.69,19.18,246.71
30.98331,75.76671,2018,325,0,1.69,43.69,6.19,27.11,11.42,12.83,18.85,246.71
30.98331,75.76671,2018,326,0,1.02,39.89,4.42,26.24,12.96,12.43,18.38,246.71
30.98331,75.76671,2018,327,0,2.37,48.35,6.39,26.73,11.32,12.53,17.41,246.71
30.98331,75.76671,2018,328,0,2.15,44.3,4.91,26.6,9.02,12.49,17.22,246.71
30.98331,75.76671,2018,329,0,1.07,38.27,4.45,27.38,12.51,12.43,19.1,246.71
30.98331,75.76671,2018,330,0,1.19,38.56,4.63,27.15,13.07,12.26,19.17,246.71
30.98331,75.76671,2018,331,0,1.4,56.58,7.71,22.17,12.8,6.99,16.3,246.71
30.98331,75.76671,2018,332,0,0.96,46.73,6.95,26.38,12.4,11.66,18.58,246.71
30.98331,75.76671,2018,333,0,1.37,49.91,6.64,24.1,12.5,11.09,17.17,246.71
30.98331,75.76671,2018,334,0,1.47,45.46,5.51,25.71,11.16,11.95,17.46,246.71
30.98331,75.76671,2018,335,0,1.32,38.69,3.27,25.58,10.95,12.57,17.6,246.71
30.98331,75.76671,2018,336,0,1.2,41.97,3.72,25.44,10.18,12.14,16.79,246.71
30.98331,75.76671,2018,337,0,1.06,44.16,4.5,24.04,11.75,12.15,16.82,246.71
30.98331,75.76671,2018,338,0,1.05,43.99,4.6,24.08,12.2,10.75,17,246.71
30.98331,75.76671,2018,339,0,0.89,44.64,4.61,23.36,11.75,11.48,16.77,246.71
30.98331,75.76671,2018,340,0,1.39,49.81,5.05,23.57,10.31,11.82,15.48,246.71
30.98331,75.76671,2018,341,0,1.28,50.55,5.07,22.65,10.36,12.04,15.27,246.71
30.98331,75.76671,2018,342,0,0.85,46.8,4.11,22.13,10.67,11.94,15.47,246.71
30.98331,75.76671,2018,343,0,0.89,44.88,3.93,22.85,11.4,11.6,15.94,246.71
30.98331,75.76671,2018,344,0.24,1.58,52.69,5.29,22.44,9.28,6.69,14.85,246.71
30.98331,75.76671,2018,345,0.66,1.2,54.53,6.96,23.27,9.91,8.41,16.09,246.71
30.98331,75.76671,2018,346,8.26,1.35,73.29,8.96,17.73,10.62,8.35,13.6,246.71
30.98331,75.76671,2018,347,0.18,0.77,71.8,7.97,18.35,8.9,11.64,12.87,246.71
30.98331,75.76671,2018,348,0,1.64,64.56,6.14,20.3,7.37,11.82,12.58,246.71
30.98331,75.76671,2018,349,0,1.77,52.52,2.48,21.39,5.58,12.02,11.88,246.71
30.98331,75.76671,2018,350,0,1.57,44.8,-0.16,21.42,5.21,12.26,11.49,246.71
30.98331,75.76671,2018,351,0,1.62,41.43,-1.05,21.62,4.91,12.3,11.72,246.71
30.98331,75.76671,2018,352,0,1.62,38.53,-1.34,21.92,5.4,12.23,12.53,246.71
30.98331,75.76671,2018,353,0,1.08,35.04,-2.01,21.82,7.38,12.15,13.24,246.71
30.98331,75.76671,2018,354,0,1.11,35.42,-2.49,21.56,7.91,12.24,12.54,246.71
30.98331,75.76671,2018,355,0,1.44,36.34,-2.83,20.76,4.76,12.08,11.76,246.71
30.98331,75.76671,2018,356,0,0.91,36.44,-2.67,20.83,5.29,11.96,11.89,246.71
30.98331,75.76671,2018,357,0,1.11,44.43,-0.84,18.99,4.34,10.37,10.87,246.71
30.98331,75.76671,2018,358,0,1.38,47.03,-0.82,18.49,4.89,11.81,10.02,246.71
30.98331,75.76671,2018,359,0,1.89,45.22,-1.62,19.48,2.53,11.78,9.74,246.71
30.98331,75.76671,2018,360,0,1.08,39.74,-2.33,18.33,4.9,11.98,10.95,246.71
30.98331,75.76671,2018,361,0,1.28,41.82,-2.35,18.52,4.93,11.87,10.15,246.71
30.98331,75.76671,2018,362,0,1.55,44.49,-3.17,17.64,1.32,12.02,8.3,246.71
30.98331,75.76671,2018,363,0,1.4,39.17,-3.4,18.76,3.08,12.29,9.98,246.71
30.98331,75.76671,2018,364,0,0.98,37.56,-2.61,19.3,6.79,11.07,11.51,246.71
30.98331,75.76671,2018,365,0,1.73,43.12,-1.63,19.39,5.18,12.14,10.47,246.71
30.98331,75.76671,2019,1,0,1.12,47.67,-0.93,16.11,5.38,10.82,9.69,246.71
30.98331,75.76671,2019,2,0.04,0.98,49.43,1.39,19.7,7.03,11.84,11.65,246.71
30.98331,75.76671,2019,3,0,1.7,62.16,4.04,19.32,5.24,9.44,10.94,246.71
30.98331,75.76671,2019,4,0,1.19,50.69,1.21,19.19,5.31,8.21,11.07,246.71
30.98331,75.76671,2019,5,0.36,1.32,52.12,2.55,18.96,7.17,7.86,12.07,246.71
30.98331,75.76671,2019,6,1.65,1.5,81.1,7.28,14.34,7.38,9.92,10.37,246.71
30.98331,75.76671,2019,7,0,1.5,67.23,5.27,19.48,5.25,12.41,11.06,246.71
30.98331,75.76671,2019,8,0,1.63,53.97,3.1,20.89,7.04,10.3,12.12,246.71
30.98331,75.76671,2019,9,0,2.13,55.71,3.1,21.27,5.04,12.78,11.63,246.71
30.98331,75.76671,2019,10,0,1.01,41.39,-0.51,20.41,4.7,12.3,12.33,246.71
30.98331,75.76671,2019,11,0.03,0.98,44.63,1.59,20.98,8.13,12.28,13.46,246.71
30.98331,75.76671,2019,12,0.27,1.37,59.22,5.18,19.4,8.37,11.04,12.89,246.71
30.98331,75.76671,2019,13,0.69,1.47,59.06,4.51,20.07,7.18,12.58,12.23,246.71
30.98331,75.76671,2019,14,0,2.54,42.91,-2.09,20.52,2.93,12.94,10.04,246.71
30.98331,75.76671,2019,15,0,1.74,33.13,-5.67,19.82,1.26,10.09,9.95,246.71
30.98331,75.76671,2019,16,0,0.55,25.58,-5.55,21.64,8,10.65,13.97,246.71
30.98331,75.76671,2019,17,0,1.6,40.01,-1.31,21.06,4.91,13.57,11.98,246.71
30.98331,75.76671,2019,18,0,1.4,43.76,-0.14,21.58,5.59,12.89,11.87,246.71
30.98331,75.76671,2019,19,0,1.38,49.92,2.89,20.38,8.68,10.51,13.11,246.71
30.98331,75.76671,2019,20,0.55,0.98,54.75,6.07,22.11,11.24,9.56,15.07,246.71
30.98331,75.76671,2019,21,9.61,1.44,65.19,7.54,19.11,11.22,6.14,13.9,246.71
30.98331,75.76671,2019,22,24.24,2.63,85.17,9.29,14.85,8.54,7.33,11.7,246.71
30.98331,75.76671,2019,23,0.24,1.09,70.22,6.04,18.21,6.35,13.59,11.2,246.71
30.98331,75.76671,2019,24,0.13,0.98,59.08,3.13,18.59,5.91,13.98,10.76,246.71
30.98331,75.76671,2019,25,0.67,0.83,56.24,1.43,16.97,3.19,14.16,9.7,246.71
30.98331,75.76671,2019,26,0.02,1.46,53.39,0.4,17.61,2.88,14.17,9.4,246.71
30.98331,75.76671,2019,27,0.01,1.8,50.56,-0.82,17.57,3.98,14.47,8.91,246.71
30.98331,75.76671,2019,28,0.01,1.82,46.11,-2.33,18.81,1.45,15.23,8.68,246.71
30.98331,75.76671,2019,29,0,1.63,40.18,-3.17,20.34,1.18,15.23,9.84,246.71
30.98331,75.76671,2019,30,0.28,1.38,54.04,1.85,17.09,5.64,6.78,10.76,246.71
30.98331,75.76671,2019,31,1.17,1.58,64.71,4.86,18.62,7.01,5.05,11.2,246.71
30.98331,75.76671,2019,32,0.69,1.03,62.03,4.21,18.64,5.16,10.03,11.16,246.71
30.98331,75.76671,2019,33,0.14,1.26,58.57,4.29,20.69,6.4,13.88,12.12,246.71
30.98331,75.76671,2019,34,0,1.24,49.98,2.82,21.75,5.98,15,13.02,246.71
30.98331,75.76671,2019,35,0,1.02,45.64,2.63,22.56,7.38,14.62,14.25,246.71
30.98331,75.76671,2019,36,0,1.11,41.76,2.99,23.78,9.29,13.95,16.06,246.71
30.98331,75.76671,2019,37,0.55,1.88,53.72,6.37,23.16,10.66,14.33,15.69,246.71
30.98331,75.76671,2019,38,29.66,3.03,82.66,10.63,18.91,8.95,7.55,13.51,246.71
30.98331,75.76671,2019,39,0.55,1.51,63.25,4.43,18.81,5.65,15.68,11.09,246.71
30.98331,75.76671,2019,40,0.08,1.61,56.35,2.64,19.47,3.04,16.35,10.96,246.71
30.98331,75.76671,2019,41,0,1.15,49.06,1.46,17.63,5.5,13.6,11.83,246.71
30.98331,75.76671,2019,42,0,1.08,45.43,2.02,21.23,6.68,13.94,13.65,246.71
30.98331,75.76671,2019,43,0,0.71,46.99,3.42,20.38,10.08,10.94,14.65,246.71
30.98331,75.76671,2019,44,0,0.83,49.3,5.2,22.66,11.98,11.45,15.81,246.71
30.98331,75.76671,2019,45,8.86,2.69,69.76,9.79,20.98,11.51,8.77,15.2,246.71
30.98331,75.76671,2019,46,5.54,1.08,81.62,10.78,19.74,9.13,8.3,13.86,246.71
30.98331,75.76671,2019,47,0.01,0.8,69.81,8.87,20.86,8.91,14.48,14.24,246.71
30.98331,75.76671,2019,48,0,1.43,57.45,5.52,21.3,6.92,10.64,13.73,246.71
30.98331,75.76671,2019,49,4.72,1.93,58.91,6.53,23.4,7.89,7.2,14.4,246.71
30.98331,75.76671,2019,50,0.25,1.09,61.03,7.16,21.76,7.73,16.17,14.51,246.71
30.98331,75.76671,2019,51,7.37,3.07,70.22,10.39,20.72,12.56,6.75,15.73,246.71
30.98331,75.76671,2019,52,7.23,2.18,80.77,12.8,21.43,12.35,12.02,16.08,246.71
30.98331,75.76671,2019,53,0.18,1.93,65.54,8.15,21.9,9.22,17.49,14.45,246.71
30.98331,75.76671,2019,54,0,1.98,57.34,5.12,21.73,6.23,18,13.33,246.71
30.98331,75.76671,2019,55,0,1.27,45.36,3.26,22.5,7.84,18.49,15.04,246.71
30.98331,75.76671,2019,56,0.01,1.29,48.78,3.96,22,8.99,18.34,14.64,246.71
30.98331,75.76671,2019,57,1.65,1.76,48.55,3.64,22.21,8.46,17.43,14.36,246.71
30.98331,75.76671,2019,58,4.56,1.76,62.96,5.71,18.82,6.62,18.02,12.51,246.71
30.98331,75.76671,2019,59,0,1.21,50.52,3.4,20.63,6.85,17.26,13.48,246.71
30.98331,75.76671,2019,60,0,1.55,48.48,3.69,22.79,8.29,16.97,14.45,246.71
30.98331,75.76671,2019,61,4.94,1.72,70.09,8.47,19,10.65,3.3,13.76,246.71
30.98331,75.76671,2019,62,3.33,1.43,72.53,10.37,22.36,9.88,13.34,15.22,246.71
30.98331,75.76671,2019,63,0.72,1.42,67.55,10,21.91,11.1,14.65,15.92,246.71
30.98331,75.76671,2019,64,0.04,1.3,55.37,7.48,23.61,9.64,18.16,16.4,246.71
30.98331,75.76671,2019,65,0,1.39,49.06,6.16,24.1,9.17,19.03,16.93,246.71
30.98331,75.76671,2019,66,0,1.07,45.88,5.52,25.31,11.65,19.29,17.32,246.71
30.98331,75.76671,2019,67,0.18,0.98,56.46,7.7,21.77,12.61,5.27,16.32,246.71
30.98331,75.76671,2019,68,0,1.64,58.15,8.54,24.43,9.48,19.91,16.74,246.71
30.98331,75.76671,2019,69,0,1.11,47.72,6.6,26.09,10.42,20.26,17.86,246.71
30.98331,75.76671,2019,70,4.05,2.18,55.22,8.16,24.5,11.44,13.28,17.17,246.71
30.98331,75.76671,2019,71,0,1.07,55,7.91,24.52,10.85,20.49,16.97,246.71
30.98331,75.76671,2019,72,0.08,1,51.72,6.96,23.6,12.31,13.38,16.94,246.71
30.98331,75.76671,2019,73,1.89,1.26,52.96,7.68,24.95,11.82,5.8,17.34,246.71
30.98331,75.76671,2019,74,0.53,1.55,55.83,8.25,25.33,10.76,20.84,17.09,246.71
30.98331,75.76671,2019,75,0.05,1.25,49.33,7.5,27.4,9.51,19.64,18.29,246.71
30.98331,75.76671,2019,76,0.05,1.29,43.9,7.07,28.44,11.48,20.69,19.74,246.71
30.98331,75.76671,2019,77,0.07,0.97,44.6,8.12,29.03,13.12,20.55,20.63,246.71
30.98331,75.76671,2019,78,0.02,1.16,42.58,8.03,29.33,14.41,20.96,21.3,246.71
30.98331,75.76671,2019,79,0.3,2.67,40.74,7.59,29.91,15.25,21.07,21.56,246.71
30.98331,75.76671,2019,80,0.02,1.46,43.29,7.7,28.82,13.5,21.49,20.67,246.71
30.98331,75.76671,2019,81,0.01,2.15,39.53,6.01,29.62,12.25,20.88,20.3,246.71
30.98331,75.76671,2019,82,0,2.41,50.91,8.81,27.14,13.05,19.85,19.19,246.71
30.98331,75.76671,2019,83,0,1.93,55.33,11.45,28.19,14.09,13.66,20.65,246.71
30.98331,75.76671,2019,84,0.34,1.62,49.77,9.91,26.79,14.34,10.42,20.75,246.71
30.98331,75.76671,2019,85,0.01,2,38.54,7.25,32.17,12.88,22.45,22.1,246.71
30.98331,75.76671,2019,86,0,1.47,34.9,7.55,33.21,15.76,20.78,24.1,246.71
30.98331,75.76671,2019,87,0,1.23,36.98,10.47,35.18,19.93,20.63,26.41,246.71
30.98331,75.76671,2019,88,0,1.53,38.42,12.12,36.18,20.31,20.79,27.6,246.71
30.98331,75.76671,2019,89,0,1.12,34.22,11.06,37.18,20.56,22.35,28.41,246.71
30.98331,75.76671,2019,90,0,2.61,26.11,3.97,34.87,15.82,23.69,24.79,246.71
30.98331,75.76671,2019,91,0,2.21,28.33,5.05,35.37,14.81,23.02,24.7,246.71
30.98331,75.76671,2019,92,0,1.33,25.41,4.7,36.52,17.77,22.98,26.1,246.71
30.98331,75.76671,2019,93,0,1.76,28.18,7.63,37.62,18.46,22.21,27.79,246.71
30.98331,75.76671,2019,94,0,1.56,31.16,10.25,38.83,20.17,22.28,29.1,246.71
30.98331,75.76671,2019,95,0,1.12,36.8,12.84,36.96,22.68,21.91,29.16,246.71
30.98331,75.76671,2019,96,0,1.75,33.83,12.25,38.77,22.9,22.34,29.96,246.71
30.98331,75.76671,2019,97,0,1.27,28.85,10.19,38.15,23.1,22.55,30.36,246.71
30.98331,75.76671,2019,98,0.67,1.56,31.28,9.46,35.67,20.78,22.36,28.13,246.71
30.98331,75.76671,2019,99,0.83,1.25,29.34,9.26,37.71,19.35,23.19,28.99,246.71
30.98331,75.76671,2019,100,0.02,2,32.38,11.62,38.67,22,22.22,30.01,246.71
30.98331,75.76671,2019,101,0,1.74,31.59,11.12,38.57,22.21,22.91,29.87,246.71
30.98331,75.76671,2019,102,0.01,1.97,36.16,12.58,36.72,22.8,22.92,29.17,246.71
30.98331,75.76671,2019,103,0.06,2.26,37.17,12.99,36.72,22.47,17.67,29.15,246.71
30.98331,75.76671,2019,104,0,2.48,36.84,13.38,38.03,22.17,23.01,29.75,246.71
30.98331,75.76671,2019,105,0.08,2.25,33.59,12.81,39.13,22.93,21.02,30.73,246.71
30.98331,75.76671,2019,106,8.16,2.83,54.76,15.83,31.19,21.36,14.75,25.5,246.71
30.98331,75.76671,2019,107,12.24,1.96,75.23,16.42,22.89,17.52,11.64,20.9,246.71
30.98331,75.76671,2019,108,0.87,1.14,53.31,12.88,29.41,15.67,20.71,22.8,246.71
30.98331,75.76671,2019,109,0,1.43,41.65,11.2,32.94,17.3,24.01,25.19,246.71
30.98331,75.76671,2019,110,0,1.36,37.26,11.15,34.99,18.89,24.05,27.04,246.71
30.98331,75.76671,2019,111,0,2.01,34.83,12.04,37.65,21,24.06,29.22,246.71
30.98331,75.76671,2019,112,0,1.98,34.08,13.19,39.21,23.52,24.24,30.9,246.71
30.98331,75.76671,2019,113,0,1.72,30.64,13.25,41.98,22.87,24.35,32.85,246.71
30.98331,75.76671,2019,114,0.01,1.62,28.46,12.34,41.18,24.52,24.02,33.09,246.71
30.98331,75.76671,2019,115,3.08,1.86,34.42,13.53,39.56,24.36,16.41,31.12,246.71
30.98331,75.76671,2019,116,0.05,2.3,30.99,12.22,40.4,23.1,24.52,31.46,246.71
30.98331,75.76671,2019,117,0,3.53,26.22,9.96,40.23,24.14,25.31,31.75,246.71
30.98331,75.76671,2019,118,0,3.2,23.54,7.88,40.41,22.22,25.5,31.15,246.71
30.98331,75.76671,2019,119,0,1.84,20.53,6.33,41.53,22.68,25.65,31.66,246.71
30.98331,75.76671,2019,120,0,1.9,19.91,6.68,42.03,23.66,24.79,32.62,246.71
30.98331,75.76671,2019,121,0.83,2.13,25.98,9.5,40.55,23.41,23.52,31.36,246.71
30.98331,75.76671,2019,122,0.17,1.46,23.43,8.59,40.3,23.92,14.01,32.08,246.71
30.98331,75.76671,2019,123,6.25,1.5,30.87,10.54,38.07,22.03,23.98,29.6,246.71
30.98331,75.76671,2019,124,0,2.56,22.76,6.28,38.5,22.03,25.21,29.82,246.71
30.98331,75.76671,2019,125,0,1.92,19.98,5.4,40.8,21.32,23.76,31.01,246.71
30.98331,75.76671,2019,126,0,2.25,17.39,4.23,41.46,23.92,25.14,32.01,246.71
30.98331,75.76671,2019,127,0,1.66,17.11,4.59,42.16,24.09,25,32.75,246.71
30.98331,75.76671,2019,128,0,2.08,17.67,5.79,43.18,24.76,24.67,33.66,246.71
30.98331,75.76671,2019,129,0,2.53,18.93,7.52,43.05,26.19,24.56,34.55,246.71
30.98331,75.76671,2019,130,0.48,2.41,22.49,10.14,42.84,27.46,22.86,34.64,246.71
30.98331,75.76671,2019,131,1.46,2.39,31.28,12.88,39.97,26.95,18.32,32.06,246.71
30.98331,75.76671,2019,132,0.05,1.9,28.77,11.76,39.67,23.9,24.2,32.23,246.71
30.98331,75.76671,2019,133,1.86,1.8,26.97,12.39,40.9,28.13,20.88,34.11,246.71
30.98331,75.76671,2019,134,3.19,1.43,33.77,13.46,37.29,26.44,24.27,31.37,246.71
30.98331,75.76671,2019,135,0.87,0.98,31.34,13.52,38.88,25.69,19.71,32.75,246.71
30.98331,75.76671,2019,136,0.41,2.41,36.68,14.03,35.76,25.25,21.84,30.56,246.71
30.98331,75.76671,2019,137,8.73,1.54,46.25,17.16,37.28,24.29,10.52,29.9,246.71
30.98331,75.76671,2019,138,0.1,1.94,43.71,16.14,36.33,23.14,24.46,29.79,246.71
30.98331,75.76671,2019,139,0,2.83,31.23,12.57,38.96,24.17,25.08,31.73,246.71
30.98331,75.76671,2019,140,0,2.5,26.3,10.8,40.64,24.75,22.43,32.68,246.71
30.98331,75.76671,2019,141,0,2.48,23.33,9.69,41.55,25.11,25.27,33.47,246.71
30.98331,75.76671,2019,142,0,2.64,23.13,10.62,42.73,25.97,23.16,34.73,246.71
30.98331,75.76671,2019,143,3.79,2.38,31.92,15.04,41.25,28.76,19.35,34.18,246.71
30.98331,75.76671,2019,144,2.73,2.24,42.55,16.8,36.27,25.85,24.51,31,246.71
30.98331,75.76671,2019,145,0.48,3.02,35.49,13.67,36.97,24.63,25.01,30.73,246.71
30.98331,75.76671,2019,146,0,2.44,25.11,10.17,41.17,23.39,25.59,32.75,246.71
30.98331,75.76671,2019,147,0.01,2.57,18.27,6.54,42.41,25.52,25.96,33.99,246.71
30.98331,75.76671,2019,148,0,2.56,14.49,3.89,44.23,24.62,26.22,34.89,246.71
30.98331,75.76671,2019,149,0,2.64,14.93,5.78,45.8,26.81,25.56,36.72,246.71
30.98331,75.76671,2019,150,0,2.09,14,5.85,46.38,29.61,25.71,38.01,246.71
30.98331,75.76671,2019,151,0,2.5,12.65,4.52,47.32,28.01,25.74,38.22,246.71
30.98331,75.76671,2019,152,0,1.53,11.7,3.91,47.56,29.9,24.87,38.93,246.71
30.98331,75.76671,2019,153,0.15,1.95,12.1,4.66,47.11,30.42,24.35,39.26,246.71
30.98331,75.76671,2019,154,0.4,2.06,12.13,4.3,46.96,30.31,24.42,38.74,246.71
30.98331,75.76671,2019,155,0.65,2.06,16.79,8.05,45.37,28.59,22.39,37.4,246.71
30.98331,75.76671,2019,156,0.07,2.09,14.06,6.44,45.95,29.67,23.85,38.69,246.71
30.98331,75.76671,2019,157,0.14,2.28,14.02,6.35,45.67,32.09,24.63,38.63,246.71
30.98331,75.76671,2019,158,0.48,1.52,15.2,6.39,43.77,29.34,24.88,37.16,246.71
30.98331,75.76671,2019,159,0,2.01,14.44,6.49,45.54,30.75,24.78,38.24,246.71
30.98331,75.76671,2019,160,0,2.2,14.21,6.88,47.16,31.32,24.59,39.04,246.71
30.98331,75.76671,2019,161,0,1.98,12.47,5.34,47.8,31.01,24.93,39.57,246.71
30.98331,75.76671,2019,162,0.06,2.99,13.18,6.55,47.93,31.76,24.61,40.05,246.71
30.98331,75.76671,2019,163,2.45,2.41,18.05,10.44,45.03,32.44,23.21,39,246.71
30.98331,75.76671,2019,164,0,1.85,18.02,9.13,45.14,30.1,24.87,37.42,246.71
30.98331,75.76671,2019,165,0,2.56,10.86,1.33,45.55,27.63,25.48,36.98,246.71
30.98331,75.76671,2019,166,0.08,3.06,22.34,12.78,45.69,29.46,24.55,37.93,246.71
30.98331,75.76671,2019,167,4.55,3.03,33.92,17.32,41.03,30.67,20.76,35.68,246.71
30.98331,75.76671,2019,168,0.38,3.38,32.77,17.14,42.78,29.33,23.78,36.11,246.71
30.98331,75.76671,2019,169,15.83,1.43,53.68,21.07,35.05,27.72,13.24,31.48,246.71
30.98331,75.76671,2019,170,0.04,1.63,42.48,18.93,39.46,27.47,24.45,33.39,246.71
30.98331,75.76671,2019,171,4.35,1.23,37.7,17.29,39.38,27.37,20.56,33.73,246.71
30.98331,75.76671,2019,172,14.62,1.7,42.97,18.35,39.08,27.47,23.72,32.54,246.71
30.98331,75.76671,2019,173,0,1.25,32.18,15.87,42.11,27.69,22.45,34.98,246.71
30.98331,75.76671,2019,174,0.01,1.87,32.93,16.58,42.23,28.74,24.3,35.37,246.71
30.98331,75.76671,2019,175,1.39,2.17,44.72,20.17,39.74,28.44,19.41,33.82,246.71
30.98331,75.76671,2019,176,2.55,0.78,46.36,21.39,39.18,29.63,18.98,34.48,246.71
30.98331,75.76671,2019,177,0,2.21,33.7,17.85,43.19,30.11,24.5,36.41,246.71
30.98331,75.76671,2019,178,0.48,2.73,33.41,17.72,42.8,30.33,22.6,36.41,246.71
30.98331,75.76671,2019,179,0.05,2.17,31.98,17.26,43.74,29.67,23.66,36.69,246.71
30.98331,75.76671,2019,180,0,2.05,31.05,17.45,44.24,30.5,24.19,37.44,246.71
30.98331,75.76671,2019,181,0.15,1.92,29.57,16.94,44.75,30.69,24.03,37.74,246.71
30.98331,75.76671,2019,182,0.35,1.21,30.82,17.42,43.99,30.97,24.45,37.55,246.71
30.98331,75.76671,2019,183,0.01,1.61,27.08,15.57,44,31.2,25.12,37.75,246.71
30.98331,75.76671,2019,184,1.75,1.49,29.57,16.88,44.42,30.87,24.31,37.68,246.71
30.98331,75.76671,2019,185,7.18,1.59,38.98,19.96,41.87,30.77,21.58,36.11,246.71
30.98331,75.76671,2019,186,1.86,1.31,38.7,19.7,42.06,30.11,24.21,35.95,246.71
30.98331,75.76671,2019,187,2.04,1.39,39.87,20.65,42.3,30.28,15.22,36.46,246.71
30.98331,75.76671,2019,188,4.55,1.45,45.38,21.86,40.59,30.7,24.63,35.4,246.71
30.98331,75.76671,2019,189,2.01,1.47,40.63,21.26,42.44,30.59,23.3,36.79,246.71
30.98331,75.76671,2019,190,19.64,1.49,49.12,22.81,39,31.17,23.71,34.97,246.71
30.98331,75.76671,2019,191,2.19,1.54,43.41,21.23,41.38,29.35,19.68,35.53,246.71
30.98331,75.76671,2019,192,10.79,1.69,45.59,21.67,39.95,30.12,23.72,35.1,246.71
30.98331,75.76671,2019,193,31.13,1.46,52.68,23.13,37.42,30.95,18.71,34.03,246.71
30.98331,75.76671,2019,194,10.98,2.19,52.42,22.89,39.45,28.72,19.39,33.86,246.71
30.98331,75.76671,2019,195,28.7,2.12,63.18,23.92,34.95,27.75,8.23,31.6,246.71
30.98331,75.76671,2019,196,24.04,2.42,68.46,24.11,35.43,25.83,11.64,30.42,246.71
30.98331,75.76671,2019,197,21.68,2.2,72.22,24.16,33.65,26.2,13.83,29.56,246.71
30.98331,75.76671,2019,198,3.98,1.5,73.1,23.61,32.67,25.49,20.17,28.79,246.71
30.98331,75.76671,2019,199,2.07,1.64,69.7,23.94,34.13,25.62,21.97,29.94,246.71
30.98331,75.76671,2019,200,1.49,1.69,68.72,24.26,34.45,26.16,17.03,30.51,246.71
30.98331,75.76671,2019,201,2,1.41,66.53,24.33,35.7,26.53,16.49,31.14,246.71
30.98331,75.76671,2019,202,1.84,1.45,64.49,24.24,36.25,26.63,22.57,31.59,246.71
30.98331,75.76671,2019,203,1.07,1.07,62.16,24.4,36.96,27.13,-99,32.4,246.71
30.98331,75.76671,2019,204,0.54,1,56.3,23.84,38.84,28.52,22.7,33.58,246.71
30.98331,75.76671,2019,205,2.65,1.32,49.83,22.41,40.06,28.82,23.01,34.27,246.71
30.98331,75.76671,2019,206,21.26,2.02,74.81,25.48,34.09,27.45,9.82,30.33,246.71
30.98331,75.76671,2019,207,8.3,2.05,77.92,25.24,33.05,26.37,10.96,29.4,246.71
30.98331,75.76671,2019,208,8.39,2.64,77.86,24.97,33.4,25.87,8.02,29.14,246.71
30.98331,75.76671,2019,209,5.43,2.19,76.72,25.38,33.75,25.81,18.61,29.81,246.71
30.98331,75.76671,2019,210,3.9,1.9,77,25.6,33.36,26.54,22.48,29.97,246.71
30.98331,75.76671,2019,211,0.58,1.49,68.72,24.73,35.03,27.02,18.49,31,246.71
30.98331,75.76671,2019,212,4.29,1.8,69.28,24.46,34.62,26.66,12.82,30.58,246.71
30.98331,75.76671,2019,213,31.04,1.85,77.58,25.25,33.29,25.69,19.05,29.49,246.71
30.98331,75.76671,2019,214,19.13,1.03,77.36,25.79,33.36,26.4,16.19,30.09,246.71
30.98331,75.76671,2019,215,2.17,1.29,76.74,25.19,32.9,26.57,17.67,29.61,246.71
30.98331,75.76671,2019,216,1.74,0.87,68.28,24.66,35.28,26.63,22.76,31.03,246.71
30.98331,75.76671,2019,217,0.93,1.01,68.25,25.22,35.82,26.65,20.59,31.63,246.71
30.98331,75.76671,2019,218,5.33,1.22,67.56,25.16,35.86,27.68,19.01,31.75,246.71
30.98331,75.76671,2019,219,6.95,1.95,77.42,24.95,31.86,26.47,21.84,29.22,246.71
30.98331,75.76671,2019,220,0.42,0.89,67.06,23.73,33.62,26.33,18.82,30.38,246.71
30.98331,75.76671,2019,221,8.31,1.46,69.25,24.71,35.09,26.29,16.87,30.85,246.71
30.98331,75.76671,2019,222,2.62,2.24,74.54,25.16,34.14,26.48,17.03,30.07,246.71
30.98331,75.76671,2019,223,1.85,1.32,73.82,25.42,34.74,26.13,20.54,30.5,246.71
30.98331,75.76671,2019,224,25.2,1.18,74.83,26,33.92,27.72,21.21,30.86,246.71
30.98331,75.76671,2019,225,9.51,1.23,72.82,25.91,34.87,27.25,10.1,31.23,246.71
30.98331,75.76671,2019,226,1.33,1.62,75.74,25.45,34.22,27,15.35,30.09,246.71
30.98331,75.76671,2019,227,5.87,1.44,81.8,25.65,32.69,26.14,12.34,29.02,246.71
30.98331,75.76671,2019,228,9.85,1.69,80.76,25.2,32.22,25.95,17.3,28.77,246.71
30.98331,75.76671,2019,229,50.28,2.55,87.93,24.94,29.67,25.29,6.86,27.1,246.71
30.98331,75.76671,2019,230,50.64,1.31,83.88,24.3,30.85,24.38,21.54,27.23,246.71
30.98331,75.76671,2019,231,1.15,0.79,78.91,24.34,32.26,24.14,20.96,28.28,246.71
30.98331,75.76671,2019,232,0.01,1.49,78.09,23.94,32.27,24.12,22.74,28.03,246.71
30.98331,75.76671,2019,233,0.17,0.9,71.7,23.32,33.83,24.26,22.97,28.82,246.71
30.98331,75.76671,2019,234,0.27,0.94,69.67,22.47,33.36,23.54,23.12,28.42,246.71
30.98331,75.76671,2019,235,8.55,0.66,68.7,22.78,33.41,24.04,22.28,28.97,246.71
30.98331,75.76671,2019,236,3.47,0.72,68.26,23.19,34.27,25.15,21.41,29.51,246.71
30.98331,75.76671,2019,237,6.68,1.47,80.83,24.54,32.2,24.18,19.7,28.08,246.71
30.98331,75.76671,2019,238,1.3,1.19,77.37,24.6,32.95,24.68,20.85,28.87,246.71
30.98331,75.76671,2019,239,0.01,0.46,71.52,24.62,33.9,25.92,21.2,30.21,246.71
30.98331,75.76671,2019,240,0.96,0.66,71.08,25.15,34.58,26.64,21.36,30.86,246.71
30.98331,75.76671,2019,241,10.76,0.7,72.97,25.33,34.31,26.35,18.99,30.61,246.71
30.98331,75.76671,2019,242,2.19,0.73,73.88,25.21,33.77,25.98,20.89,30.27,246.71
30.98331,75.76671,2019,243,1.92,0.82,71.01,25.13,34.59,26.98,19.87,30.85,246.71
30.98331,75.76671,2019,244,2.95,1.48,78.34,25.01,32.55,26.57,13.15,29.08,246.71
30.98331,75.76671,2019,245,0.83,0.87,73.68,24.37,33.32,25.27,20.33,29.44,246.71
30.98331,75.76671,2019,246,1.44,0.87,70.53,24.49,34.64,26.11,20.4,30.31,246.71
30.98331,75.76671,2019,247,38.34,0.91,75.8,25.06,33.85,25.64,19.71,29.68,246.71
30.98331,75.76671,2019,248,11.19,0.92,78.27,25.34,33,25.77,19.67,29.43,246.71
30.98331,75.76671,2019,249,0.62,0.88,75.93,25.45,33.76,25.86,20.84,30.05,246.71
30.98331,75.76671,2019,250,0.05,0.74,73.01,25,34.06,26,19.37,30.24,246.71
30.98331,75.76671,2019,251,0,0.79,72.6,24.31,33.25,25.07,20.28,29.63,246.71
30.98331,75.76671,2019,252,0,1.15,68.34,23.62,35.17,25.51,21.08,29.93,246.71
30.98331,75.76671,2019,253,0,1.16,67.13,22.63,34.39,23.93,20.56,29.21,246.71
30.98331,75.76671,2019,254,0,1.01,65.92,22.89,35.53,24.14,21.13,29.79,246.71
30.98331,75.76671,2019,255,1.36,1.3,65.27,22.63,36.41,24.09,20.19,29.69,246.71
30.98331,75.76671,2019,256,0.17,1.4,71.04,23.8,34.33,24.73,17.69,29.47,246.71
30.98331,75.76671,2019,257,0.79,1.13,67.58,23.53,35.4,25.41,18.86,30.04,246.71
30.98331,75.76671,2019,258,2.15,0.96,68.99,23.25,34.25,24.35,19.63,29.39,246.71
30.98331,75.76671,2019,259,0.13,1.22,67.02,22.73,34.81,24.2,19.6,29.34,246.71
30.98331,75.76671,2019,260,0.12,1.24,64.49,22.28,35.4,24.46,20.56,29.53,246.71
30.98331,75.76671,2019,261,0.23,1.34,63.14,21.14,35.1,23.19,19.65,28.69,246.71
30.98331,75.76671,2019,262,0.84,2.33,74.55,22.17,31.61,22.82,18.07,26.98,246.71
30.98331,75.76671,2019,263,0.17,1.3,71.67,22.15,33.08,22.69,18.58,27.61,246.71
30.98331,75.76671,2019,264,0.08,0.85,65.4,21.43,33.65,23.23,19.28,28.4,246.71
30.98331,75.76671,2019,265,1.54,1.21,69.34,21.75,32.56,23.07,14.84,27.75,246.71
30.98331,75.76671,2019,266,0.18,0.96,68.52,21.59,33.11,23.01,19.06,27.78,246.71
30.98331,75.76671,2019,267,0.04,1.14,67.56,21.65,33.45,22.8,19,28.08,246.71
30.98331,75.76671,2019,268,0.35,1.11,67.26,22.05,33.3,23.68,17.84,28.57,246.71
30.98331,75.76671,2019,269,5.39,1.28,71.08,22.56,32.44,23.74,16.82,28.17,246.71
30.98331,75.76671,2019,270,5.15,1.24,67.83,21.67,33.3,23.49,18.2,28.03,246.71
30.98331,75.76671,2019,271,32.87,1.65,80.29,22.43,30,22.75,15.92,26.03,246.71
30.98331,75.76671,2019,272,12.77,1.79,82.7,21.71,28.88,21.78,10.45,24.81,246.71
30.98331,75.76671,2019,273,3.35,0.8,78.43,21.19,29.94,21.08,15.5,25.14,246.71
30.98331,75.76671,2019,274,0.75,0.87,76.08,21.01,29.85,21.41,16.13,25.45,246.71
30.98331,75.76671,2019,275,0.01,0.82,73.4,20.56,30.39,21.26,16.81,25.56,246.71
30.98331,75.76671,2019,276,3.15,0.73,73.22,20.24,29.5,21.81,16.2,25.28,246.71
30.98331,75.76671,2019,277,0.24,0.85,78.27,19.23,26.51,19.18,12.46,23.16,246.71
30.98331,75.76671,2019,278,0,1.54,74.35,18.31,29.57,17.26,18.11,23.03,246.71
30.98331,75.76671,2019,279,0.02,1.46,73.41,18.13,28.87,18.01,12.28,23.05,246.71
30.98331,75.76671,2019,280,0.08,1.72,63.9,17.03,30.9,19.13,17.98,24.17,246.71
30.98331,75.76671,2019,281,0.08,0.96,58.51,16.21,31.24,18.6,17.98,24.78,246.71
30.98331,75.76671,2019,282,0.3,1,60.18,16.29,30.81,18.54,17.61,24.39,246.71
30.98331,75.76671,2019,283,0,1.01,61.32,16.53,30.47,18.46,17.91,24.34,246.71
30.98331,75.76671,2019,284,0,0.84,57.15,16.08,31.45,19.63,17.74,25.05,246.71
30.98331,75.76671,2019,285,0,0.87,59.42,16.31,31.55,19.3,16.92,24.63,246.71
30.98331,75.76671,2019,286,0,1.19,60.79,16.92,32.01,19.81,17.4,24.89,246.71
30.98331,75.76671,2019,287,0,1.04,58.11,16.88,32.78,20.23,17.1,25.62,246.71
30.98331,75.76671,2019,288,0.06,1.07,58.12,16.22,32.41,19.12,17.09,24.91,246.71
30.98331,75.76671,2019,289,0.02,1.05,54.81,14.89,31.88,18.43,16.28,24.49,246.71
30.98331,75.76671,2019,290,0.21,1.39,55.27,14.67,31.38,18.32,16.26,24.11,246.71
30.98331,75.76671,2019,291,0.56,1.71,54.32,14.03,31.21,18.75,12.04,23.72,246.71
30.98331,75.76671,2019,292,0.17,1.67,52.62,13.42,32.03,18.01,16.46,23.61,246.71
30.98331,75.76671,2019,293,0,1.43,54.55,13.19,30.03,17.43,14.42,22.75,246.71
30.98331,75.76671,2019,294,0,1.5,50.75,11.88,30.04,17.32,16.35,22.56,246.71
30.98331,75.76671,2019,295,0,1.67,47.41,11.01,31.32,15.8,16.5,22.77,246.71
30.98331,75.76671,2019,296,0,1.17,42.11,10.11,32.22,18.47,15.83,23.79,246.71
30.98331,75.76671,2019,297,0,1.17,45.79,10.58,31.19,16.46,15.44,22.89,246.71
30.98331,75.76671,2019,298,0,1.16,48.62,11.29,29.75,15.82,14.94,22.64,246.71
30.98331,75.76671,2019,299,0,1.1,49.97,11.66,29.89,15.9,15.07,22.58,246.71
30.98331,75.76671,2019,300,0,1.47,48.85,11.86,31.06,16.83,15.21,23.18,246.71
30.98331,75.76671,2019,301,0,0.95,47.32,12.04,30.91,18.58,14.71,23.92,246.71
30.98331,75.76671,2019,302,0,0.94,43.73,11.22,30.83,18.4,14.09,24.37,246.71
30.98331,75.76671,2019,303,0,1.22,44.85,11.19,31.03,19.67,13.65,23.9,246.71
30.98331,75.76671,2019,304,0,1.34,49.55,12.35,31.28,18.75,14.12,23.47,246.71
30.98331,75.76671,2019,305,0,0.96,49.29,12.45,31.54,18.78,11.8,23.67,246.71
30.98331,75.76671,2019,306,0,1,50.72,12.75,30.16,18.89,6.89,23.51,246.71
30.98331,75.76671,2019,307,0.02,1.52,64.12,13.45,24.23,17.11,12.2,20.36,246.71
30.98331,75.76671,2019,308,0,1.72,58.58,12.88,28.84,15.09,13.77,21.23,246.71
30.98331,75.76671,2019,309,0,1.5,47.07,10.62,30.43,15.89,13.99,22.46,246.71
30.98331,75.76671,2019,310,0,2.23,43,9.11,29.86,15.88,13.25,22.33,246.71
30.98331,75.76671,2019,311,7.55,3.27,56.86,11.82,26.1,17.01,13.09,20.6,246.71
30.98331,75.76671,2019,312,0.94,1.41,56.34,11.89,28.54,14.64,13.54,20.82,246.71
30.98331,75.76671,2019,313,0,1.86,50.09,9.14,28.26,13.89,13.76,19.81,246.71
30.98331,75.76671,2019,314,0,1.17,41.19,5.58,27.12,13.27,13.71,19.15,246.71
30.98331,75.76671,2019,315,0,0.79,42.73,5.91,23.98,14.83,9.32,18.91,246.71
30.98331,75.76671,2019,316,0,0.97,42.14,5.83,24.85,13.9,10.82,19.05,246.71
30.98331,75.76671,2019,317,0,1.2,50.02,8.32,25.32,14.55,7.79,18.95,246.71
30.98331,75.76671,2019,318,0.12,0.83,52.87,9.64,25.01,16.61,5.3,19.46,246.71
30.98331,75.76671,2019,319,0.11,1.89,67.02,12.08,24.9,13.68,10.2,18.21,246.71
30.98331,75.76671,2019,320,0.55,2.92,66.74,12.04,25.21,13.9,5.98,18.23,246.71
30.98331,75.76671,2019,321,0,2.58,59.29,10.32,26.96,12.43,12.88,18.31,246.71
30.98331,75.76671,2019,322,0,1.54,54.04,8.94,26.31,11.24,12.85,18.35,246.71
30.98331,75.76671,2019,323,0,0.88,47.46,7.67,27.18,14,12.62,19.11,246.71
30.98331,75.76671,2019,324,0,0.65,40.98,5.99,25.66,14.93,12.3,19.68,246.71
30.98331,75.76671,2019,325,0,1.14,51.23,7.31,22.99,13.54,8.17,17.47,246.71
30.98331,75.76671,2019,326,0.07,1.44,53.76,8.3,22.8,13.37,6.48,17.75,246.71
30.98331,75.76671,2019,327,0.18,1.82,67.22,12.8,25.84,14.9,11.52,18.91,246.71
30.98331,75.76671,2019,328,0,1.39,57.94,10.57,26.29,14.08,12.04,18.96,246.71
30.98331,75.76671,2019,329,0,1.02,47.97,7.03,25.31,13.3,11.89,18.24,246.71
30.98331,75.76671,2019,330,10.12,2.13,67.2,10.25,21.94,13.41,7.2,16.26,246.71
30.98331,75.76671,2019,331,5.6,1.6,81.46,12.07,19.1,11.83,9.23,15.2,246.71
30.98331,75.76671,2019,332,3.59,1.49,78.82,14,22.92,13.21,8.33,17.68,246.71
30.98331,75.76671,2019,333,0.59,1.2,69.79,11,22.84,12,10.67,16.46,246.71
30.98331,75.76671,2019,334,0,1.19,55.2,6.68,22.8,10.78,11.79,15.59,246.71
30.98331,75.76671,2019,335,0,1.14,47.42,4.63,23.57,11.16,12.29,15.82,246.71
30.98331,75.76671,2019,336,0,1.38,44.08,3.47,23.53,10.29,12.41,15.73,246.71
30.98331,75.76671,2019,337,0,1.48,33.07,-0.46,25.21,9.5,12.6,15.9,246.71
30.98331,75.76671,2019,338,0,0.67,30.47,-0.9,24.49,10.44,11.76,16.67,246.71
30.98331,75.76671,2019,339,0,0.82,33.53,-0.26,23.44,9.98,12.09,15.91,246.71
30.98331,75.76671,2019,340,0,1.29,38.13,0.62,24.39,9.65,12.32,14.87,246.71
30.98331,75.76671,2019,341,0,1,38.92,1.31,24.7,8.49,12.21,15.32,246.71
30.98331,75.76671,2019,342,0,0.96,37.2,1.36,24.01,11.3,12.16,16.09,246.71
30.98331,75.76671,2019,343,0,0.88,34.66,0.03,23.41,12.05,8.31,15.71,246.71
30.98331,75.76671,2019,344,0,0.91,30.9,-1.44,23.33,10.7,11.42,15.83,246.71
30.98331,75.76671,2019,345,0,0.9,36.4,1.01,22.34,9.81,8.18,16.04,246.71
30.98331,75.76671,2019,346,1.08,1.65,56.23,6.22,18.24,12.22,2.8,14.81,246.71
30.98331,75.76671,2019,347,21.93,2.56,82.28,10.37,17.27,11,2.16,13.31,246.71
30.98331,75.76671,2019,348,0.11,1.23,70.85,8.01,18.69,8.61,8.14,13.12,246.71
30.98331,75.76671,2019,349,0,1.58,61.45,5.57,19.66,7.93,9.73,12.73,246.71
30.98331,75.76671,2019,350,0,1.56,60.22,3.84,19.19,5.86,5.59,11.22,246.71
30.98331,75.76671,2019,351,0,1.58,54.99,1.95,18.82,4.79,6.98,10.6,246.71
30.98331,75.76671,2019,352,0,1.31,46.98,0.27,19.34,3.58,7.41,11.22,246.71
30.98331,75.76671,2019,353,0,1.05,43.44,-0.23,18.33,7.49,7.01,11.89,246.71
30.98331,75.76671,2019,354,0.01,1.34,46.33,0.96,19.04,7.33,5.63,12.19,246.71
30.98331,75.76671,2019,355,0,1.46,51.83,3.04,20.73,7.96,8.79,12.69,246.71
30.98331,75.76671,2019,356,0,1.81,54.4,2.36,20.42,5.28,5.54,11.21,246.71
30.98331,75.76671,2019,357,0,1.21,46.29,-0.74,19.12,3.38,6.68,10.35,246.71
30.98331,75.76671,2019,358,0,1.14,43.76,-1.81,18.21,3.79,5.09,10.04,246.71
30.98331,75.76671,2019,359,0,1.68,47.91,-1.5,18.64,2.65,5.47,9,246.71
30.98331,75.76671,2019,360,0,1.56,51.01,-1.73,16.93,1.41,7.18,7.8,246.71
30.98331,75.76671,2019,361,0,1.37,43.45,-3.88,16.49,2.02,6.87,7.88,246.71
30.98331,75.76671,2019,362,0,1.26,42.47,-4.98,15.21,-0.35,5.47,7.01,246.71
30.98331,75.76671,2019,363,0,1.23,45.77,-3.61,16.34,0.07,5.07,7.39,246.71
30.98331,75.76671,2019,364,0,0.92,48.38,-1.83,17.16,2.22,5.39,8.49,246.71
30.98331,75.76671,2019,365,0,1.35,61,0.72,15.14,0.76,8.2,7.72,246.71
30.98331,75.76671,2020,1,0,1.33,49.74,-0.17,18,3.84,9.35,9.87,246.71
30.98331,75.76671,2020,2,0,1.14,47.9,1.45,19.8,7.02,9.57,12.2,246.71
30.98331,75.76671,2020,3,0,1.26,50.55,2.27,21.53,5.71,12.09,12.24,246.71
30.98331,75.76671,2020,4,0,1.14,49.46,2.22,19.63,8.31,11.41,12.53,246.71
30.98331,75.76671,2020,5,0.02,1.69,53.92,2.71,19.15,6.25,7.49,11.71,246.71
30.98331,75.76671,2020,6,16.41,1.65,78.27,7.33,13.02,9.09,2.77,10.94,246.71
30.98331,75.76671,2020,7,14.11,0.86,91.29,10.19,14.37,9.51,3.16,11.59,246.71
30.98331,75.76671,2020,8,1.34,1.26,70.61,6.2,17.39,6.35,5.14,11.29,246.71
30.98331,75.76671,2020,9,0,1.68,60.07,1.34,16.48,2.72,9.45,8.61,246.71
30.98331,75.76671,2020,10,0,1.9,46.52,-2.33,18.26,1.44,13.15,8.54,246.71
30.98331,75.76671,2020,11,0,1.38,40.82,-2.48,19.45,4.29,12.57,10.37,246.71
30.98331,75.76671,2020,12,0,1.23,37.55,-0.9,21.03,7.76,7.04,13.42,246.71
30.98331,75.76671,2020,13,13.56,2.11,72.25,6.14,14.69,9.17,-99,10.89,246.71
30.98331,75.76671,2020,14,0.02,0.81,74.63,6.34,16.67,6.73,-99,10.62,246.71
30.98331,75.76671,2020,15,0,1.06,66.88,4.47,17.56,5.45,-99,10.3,246.71
30.98331,75.76671,2020,16,-99,-999,-999,-99,-99,-99,-99,-99,246.71
30.98331,75.76671,2020,17,-99,-999,-999,-99,-99,-99,-99,-99,246.71
